x1,x2,x3,x4,x5,x6,x7,x8,x9,x10
-0.020625564242928312,-187.0260487731011,-2.2626029727530077,-75.32628712097016,-36.930974332380174,-99.83707110929629,26.885600702748505,-30.42482207531657,-32.71094430029823,134.48396050195183
-0.017114092522228765,-195.82527404248245,-2.4165112578719095,-78.86839604285733,-38.7253472478982,-104.58502275624255,20.06280183248891,-32.69209287062657,-35.02869526638247,136.4227733507745
-0.050811531639683015,-198.22271003698728,-2.475779921287043,-79.84707789902686,-39.211570503574876,-105.8267442975014,3.861963312160622,-34.95633437020755,-37.080210639741146,129.00768026962677
-0.061719077876252346,-198.22200523506666,-2.37680064797788,-79.92778944999246,-39.04802039492651,-105.82784820153495,-9.351913911785564,-36.42636692330211,-38.486435209145384,121.76442133002651
0.014927988710141006,-193.42752311057316,-2.277963213922421,-77.96437088801528,-38.17181127132712,-103.25876463505892,-25.460927453966356,-37.311222153476294,-39.059984472496694,109.85613913437555
-0.001623573789791804,-185.42753434692332,-2.2061880262186047,-74.79674923658136,-36.614379392538275,-99.00279149325735,-40.24005293642434,-37.51545644796772,-39.038523158770865,96.59961662872765
-0.012468583496714,-173.42814272161465,-2.055989350143776,-69.88953192323427,-34.25746051786492,-92.57482025615002,-55.49639594078993,-37.12413022823833,-38.20767853642626,80.54250217508883
-0.01613333995026918,-152.63042465815292,-1.8358626997371539,-61.56574706424976,-30.1318975129703,-81.49218155263269,-75.30049132599315,-35.59542977697861,-36.27504355895543,56.328685374954745
-0.012801930446791163,-165.42920191405145,-2.003486847238624,-66.67901357662795,-32.73743998597513,-88.34507704581597,-64.63188061918197,-36.66018812722035,-37.58483793051185,70.41208489695966
0.01975392424862117,-135.03495477983745,-1.6134978981667316,-54.490223985469406,-26.679933147336303,-72.12102840062035,-88.83812886768892,-33.91529898355166,-34.28788302909318,37.669641824317814
0.0077556163802690046,-116.636311623646,-1.4029619323250566,-47.033424716511675,-23.056595675697622,-62.292148001507904,-100.92780108523566,-32.012038337564555,-31.934571828576594,19.23069729634558
-0.04936684089200463,-100.63457408855123,-1.2464867545643417,-40.51388181266212,-19.879676737195208,-53.71124579297744,-110.31139147539095,-30.235930572930542,-29.814537635695817,3.8482838706338227
0.0077235316153441225,-175.02939768861765,-2.11964191326481,-70.5433648971122,-34.58573478896554,-93.47242722234729,28.625976747779667,-28.026584023932937,-30.29037729902404,127.80483669447446
-0.009129206513930996,-159.03005424656118,-1.9161056482439087,-64.14227872898535,-31.4127664323708,-84.91888743474722,24.277968483040812,-25.63367022424243,-27.70959770771293,115.14154353164662
-0.026022539466869565,-144.63086638969648,-1.7890233283581614,-58.24011907471788,-28.56417380580489,-77.24161209553405,17.04514563040491,-23.925198565810646,-25.663435695682452,101.97801679578356
0.015071407347338512,-123.83604045424808,-1.4170763995214966,-49.934699555528205,-24.415583094886344,-66.10376423309364,7.336873332603927,-21.258904924159452,-22.722034869918488,83.31287439046469
-0.005289145489554535,-108.63654945539771,-1.3545204137284725,-43.81104261180606,-21.487847869715786,-58.01183099710064,-2.242335814975262,-19.599313700422456,-20.76684116106062,68.29534048793376
-0.01226069982110435,-92.63805247064732,-1.0796265739995188,-37.37186102883136,-18.27851201624598,-49.44592359021826,-14.159728521872657,-18.101600870160947,-18.925874597822066,51.5069212531508
-0.026023168833308307,-79.83860120149079,-1.0069383747781406,-32.18267004558081,-15.811616637372483,-42.64280885200915,-26.120310641274713,-17.08392201683883,-17.64776966740687,36.780293929304634
-0.017447908824827014,-71.84023603240375,-0.8773181934924336,-28.9640976587102,-14.171193329081314,-38.37472640823117,-35.87725054386763,-16.794915694709935,-17.124463556025194,26.297837491091293
0.03779184053418303,-67.8442417821917,-0.850894607881394,-27.312682060215536,-13.46795092077603,-36.2289087618223,-45.20324028304809,-17.09617936076049,-17.188803499855723,18.605608194941432
0.008701635790404932,-61.443185080376026,-0.7355677871687623,-24.759033681327235,-12.150189493585433,-32.8308104628152,-58.40835875723039,-17.454713055460207,-17.333296857385065,7.260233421073075
-0.021246170558266966,-58.241557481064575,-0.7340820980278845,-23.47254095055604,-11.53204438450576,-31.11808899190813,-81.07601522901247,-19.40681602842399,-18.950524971275957,-7.256759242888642
0.029709926533459097,-59.04472118914847,-0.6976850747445911,-23.773946752238462,-11.629889639189772,-31.523272700269136,-70.5458106609102,-18.405010855937363,-18.035280793800634,-0.9440102494357352
-0.049936253355687146,-59.03957477222406,-0.7377670510497819,-23.792508997119057,-11.642889026288739,-31.48245567727181,-90.64996072303897,-20.629726508675056,-20.060165475445714,-12.02276869798203
0.0019304959665225779,-61.442747556459175,-0.7472893692134572,-24.722374712007433,-12.155317912791451,-32.81816123924305,-97.49217964392317,-21.8352599634809,-21.116737042989897,-14.221057242763289
-0.020932463462833627,-66.24070499439172,-0.7380047019477816,-26.78634757164668,-13.07640193797519,-35.32949083272053,-102.16457804590405,-23.157329292716174,-22.565807593972362,-13.76114975058084
0.03470186446440657,-71.84360574173863,-0.8685477330729701,-29.0095613312587,-14.21390129721179,-38.3883509325386,-107.76877374575646,-24.78323597086999,-24.159066404919116,-13.192019024374916
-0.015896470880050403,-79.03938441880429,-0.8925823417681257,-31.867726930305288,-15.56955500564502,-42.19760445762311,-112.3173744025189,-26.60030674498503,-25.96916759876552,-11.07448226521609
0.04978109711675878,-85.44280524939208,-0.923237311592522,-34.443429067457245,-16.814338153007817,-45.61849209823962,-113.63520137154944,-27.925742957922974,-27.2844226036892,-7.6883433830649075
-0.003064081596660016,-92.63864671925717,-1.097754973872531,-37.386447479315045,-18.302194686620687,-49.45979682918932,-113.14077118354052,-29.080835155738765,-28.61563508604903,-2.846977166559255
-0.016097600898659026,-161.42942533961983,-1.9509248997469655,-65.1314855779487,-31.90681783899022,-86.20915674355001,-0.14970494654678485,-28.782843671186207,-30.593478682564033,103.24897602985425
0.04185097195399136,-159.0333483813664,-1.8322103671799792,-64.15558112535389,-31.385357077879917,-84.9299149408888,-5.378901838331544,-28.929804960587717,-30.62481063685954,98.88126629816169
0.012198364191846188,-154.23220557277574,-1.89175872185124,-62.235472696922585,-30.545917295089495,-82.35665503663603,-8.813102889948642,-28.427210932336088,-30.025972797694045,93.84557044132953
-0.006013098404888715,-151.03133632895853,-1.8200789844177445,-60.922559750665165,-29.848808675225595,-80.63986490778079,-10.056148981203592,-28.02877899812548,-29.573405855612616,91.15572419672978
-0.019258337498404172,-150.23060934537426,-1.8921199521273142,-60.5491278972947,-29.739304626305817,-80.2206779693507,-7.385485674829765,-27.60455054121476,-29.105699200495124,92.09313787669925
-0.01923676704828017,-152.6302241271323,-1.8424792568761885,-61.49939977648108,-30.185707349925273,-81.50315649674994,-1.558650917120275,-27.415432924995148,-29.001292363795784,96.85040964810892
0.0017878501582238703,-159.03075966300804,-1.931500717122334,-64.13604092466377,-31.410292561941304,-84.91550648310333,2.8359552110159743,-28.028921382693373,-29.823990159602218,103.36457145612339
0.0014206810064968651,-159.83081504214232,-1.9378596126287149,-64.40114673797389,-31.626919418299863,-85.3252414414837,-33.88829826649895,-32.259485490214004,-33.4927290201027,83.68630975134916
-0.03440512409930808,-163.82785576880875,-1.974121299641014,-66.03373418852848,-32.32234079089733,-87.49609705260903,-35.937334361781055,-33.2528541173563,-34.53806386447139,85.171070228328
0.03289615608567942,-162.232462249151,-1.9678389958070843,-65.38660473877535,-32.098813947997755,-86.6699636515785,-40.71292480319822,-33.445402182825724,-34.65868630165559,81.52682267053011
-0.012132894251237175,-155.03050451369495,-1.8962350320402082,-62.46240487312674,-30.653041928750376,-82.79322243690129,-46.176305000385945,-32.76410730021274,-33.81086454222462,73.91137436605605
-0.01878312786515097,-148.63068981806217,-1.768567807747555,-59.92848275620256,-29.28867098252522,-79.3772583059566,-46.77802829695063,-31.746393862777875,-32.74585837064202,69.47891931608041
0.016049571463395598,-147.83306943816345,-1.7992249992670135,-59.50208256279747,-29.249357845433444,-78.93543994976278,-44.13310838906981,-31.308461964028474,-32.20059731137442,70.41881442272893
0.021843019876278416,-152.63287853831653,-1.7802453102899436,-61.53424718280956,-30.14847948936714,-81.49916957665158,-39.396017365026474,-31.58688729441234,-32.723901665391885,76.11485086958297
-0.01417250292658657,-199.02494863349503,-2.430634404698866,-80.19995597193807,-39.3325408794594,-106.28076758387786,-15.234489124043206,-37.21056176066613,-39.12359399460805,119.05485413775929
-0.009083844726814004,-199.82514857151332,-2.406849934353039,-80.52010297834144,-39.43795531239455,-106.70368759837503,-0.8963499275800694,-35.76612585943542,-37.88979817477641,127.47215095517808
0.01157415550810416,-199.82648340869173,-2.402813651256991,-80.56309802446279,-39.49311763803468,-106.68934083793411,12.346463812438309,-34.22580243823723,-36.54510511161368,134.694002953535
-0.04927009155753636,-198.22280963866731,-2.3987109958224146,-79.93071854742925,-39.130276709308,-105.83056689976159,16.48798103590108,-33.51451564118238,-35.92296889835814,135.9467493410922
0.01608993151424929,-193.42759819066012,-2.3376446044845505,-77.96152717296545,-38.21944555291077,-103.29935046154247,23.68928889633691,-31.856147570994533,-34.25323346259755,136.86999733662188
-0.006728894070813526,-182.22751196949346,-2.119657961061433,-73.5088693771495,-35.96616235454557,-97.30281462341863,26.593370378386197,-29.518665811188615,-31.897319137704258,131.2594697475344
-0.0074285209444751605,-180.62772450376764,-2.1682537348170956,-72.89546099768488,-35.68561464031951,-96.46995339363863,28.16741524430215,-29.042213792541745,-31.451842479555246,131.08284067383244
0.0021858322816937416,-171.82934737258637,-2.1073403725658006,-69.22474823150027,-33.97763029924273,-91.74681441728266,28.00646101759932,-27.521170976281645,-29.6978720858301,125.38287903591952
-0.004576583952558133,-166.22960453229558,-1.9919134271508265,-66.9958223638184,-32.82100446622785,-88.75891101432585,25.352318867599923,-26.806639024765357,-28.95716026669923,120.36977662260225
-0.04968327561698914,-155.02807815855215,-1.936985106736471,-62.4053847096042,-30.64389616347652,-82.79447101679578,20.653233861291323,-25.39398641274688,-27.25851102308631,110.61223721710749
0.006460525850771208,-137.43370920167465,-1.6426108716965315,-55.35698702419798,-27.156461926906044,-73.3748540775683,12.805684706056033,-23.08512752041233,-24.697658576274247,95.03486577187383
0.02268297216573869,-129.43583816311698,-1.5375258939118535,-52.18676364415648,-25.58336583859286,-69.14103752322096,9.345214731909193,-22.055975981005307,-23.577410845799903,88.00562844682237
-0.023198173576627144,-144.63104888890032,-1.6979016064939225,-58.27988215223953,-28.457201346846162,-77.2211775778898,-82.53957767196891,-35.036070299532966,-35.480525890338164,47.29083973356854
0.01980313407587135,-178.2296627413966,-2.200104147702854,-71.8607918345569,-35.22379206078657,-95.1881075892644,-50.189618799709656,-37.350905873019585,-38.61897720806171,86.53949534069288
-0.007995376162451006,-191.02642850664938,-2.314001420891516,-77.04440966008816,-37.75687708691524,-102.0011605299238,-31.904153380781317,-37.5886895192319,-39.27741212106019,104.7508499228897
0.07793762276907411,-126.23971600508432,-1.4519221163053202,-50.87415883016343,-24.989323624348703,-67.39877558665296,-94.05259512214263,-32.990740842800626,-33.013695516481015,29.139229705317536
0.04051244221606627,-109.43938009974423,-1.3126166595684963,-44.15051870379526,-21.661396154488457,-58.45273620746347,-106.44331562119258,-31.330064032879836,-31.112089900744635,11.583936260630898
0.02907255204097422,-100.6396425277393,-1.259678863772172,-40.568204437605125,-19.92489818083124,-53.755143715502676,-9.503363784935969,-19.04113658062431,-19.956424617379547,59.204609810837596
0.017848505788993142,-115.83709265638686,-1.3759829641441028,-46.71128018903543,-22.878988632515327,-61.88553189037145,0.7116058830555062,-20.58132504770441,-21.858344491536837,74.58687551917791
0.010753514464279563,-84.64041231410205,-1.0210169946134924,-34.1393299870925,-16.725470803434202,-45.19054516159578,-20.78418182600318,-17.382238924909046,-18.045627399200608,42.76077670790576
0.013991615662137268,-61.44352689767322,-0.7478553779241094,-24.816170209690565,-12.170473998715307,-32.81433562876255,-64.06677823841089,-18.053057717377726,-17.906408488424834,4.129867409959892
0.005734911141783726,-65.44234902912316,-0.7723674368434329,-26.40601938497861,-12.906789044666551,-34.947427573188676,-50.994990136314904,-17.352737449304385,-17.368201464052095,13.863434884359622
0.002525214866720187,-57.44322236339491,-0.7470957043756263,-23.08139946516216,-11.351931064228841,-30.676378518441147,-86.61693377891494,-19.912708830909544,-19.27570427605164,-10.800014802220385
0.01781884154784955,-59.04395283489588,-0.7143775382712158,-23.884165844786967,-11.69719782590118,-31.538937885633985,-74.93238900026994,-18.781131947774174,-18.54060695654881,-3.374888161399879
0.029027462926404568,-65.44385410046348,-0.835274010673972,-26.34375417846555,-12.945554344003341,-34.96176664941538,-98.94244945346644,-22.686768368864218,-22.016860499061345,-12.435313299698876
-0.027605960141396577,-70.23962942638694,-0.8036857391603532,-28.3680719981457,-13.790649868450606,-37.48026494740704,-104.86703435867717,-24.208750100239254,-23.605419813317337,-12.68329817921795
-0.03607287492418548,-76.63846731247949,-0.9794629820567108,-30.838847687614525,-15.170743604652444,-40.900174010564356,-112.46934427446924,-26.211467138636245,-25.48113764994728,-12.71801661706211
0.016559397798803277,-75.04191796553997,-0.9226631182765469,-30.2666677297461,-14.843793043128727,-40.064564653585734,-108.39099751380344,-25.44267740781793,-24.795223050978095,-11.52056616738155
0.009827347544765497,-116.6364454906104,-1.3628765612389557,-47.08226739350942,-23.05941016355379,-62.26945536199133,-18.324014865486408,-22.826636766664553,-23.87924441680562,64.5649266868866
0.05819769134742742,-113.44008647107704,-1.32283898961814,-45.68022338984119,-22.39037894193695,-60.58571286524879,-24.055994403618623,-22.927194577707475,-23.758657983640383,59.464542439313064
-0.0019724532162026754,-111.8362482840419,-1.2821901956846844,-45.065527591984285,-22.034477897687353,-59.72620502842238,-28.7329362506153,-23.18856548097711,-23.96499347724274,55.85179954803547
-3.8989982472527625e-5,-109.43675982872476,-1.3499493717243949,-44.12397893382701,-21.623357696149967,-58.456233355886674,-33.9337853207966,-23.290386560685306,-24.026482555726822,51.427584210401974
-0.022260938954409892,-105.43576031403126,-1.3173007094117692,-42.46581081567204,-20.82835632229082,-56.29243765842756,-39.425839788161944,-23.224812944071502,-23.777068487150785,45.82828621922792
0.011245375559936353,-107.83774672055729,-1.2858281574220836,-43.50203990548522,-21.322467628582757,-57.59748230224804,-41.80567780130871,-23.895933244639156,-24.522638067733187,46.06064290542771
0.02907284191114606,-107.83889865998084,-1.2519563385747108,-43.48333386987242,-21.281732313257315,-57.57392090783895,-46.223346061289,-24.39282378063121,-24.914449046916882,43.638921761404994
0.02467879703515931,-107.03853563027889,-1.297518699371833,-43.19546222511158,-21.159111143043145,-57.16693182872685,-52.36906876832119,-24.88502588441104,-25.383140757548443,39.73705729309771
0.034158384207732324,-107.83922726734131,-1.2527315670105532,-43.48290566568581,-21.296617103125318,-57.595612078046535,-58.84270051785266,-25.7887474321525,-26.162780883664233,36.73787643502671
-0.04813905816152554,-109.43365179510297,-1.3582984903745612,-44.11958767882871,-21.59137671352284,-58.43946901736928,-62.89766307586764,-26.52755460246885,-26.897409537679565,35.52178260159743
0.07605053785132775,-112.64136892114365,-1.3266371284544285,-45.42690569522534,-22.252566126656625,-60.16246218286037,-65.50103423517014,-27.33954727929386,-27.69769254441153,36.16058089515414
-0.014129078263513206,-114.23528413442945,-1.3637447971865206,-46.0409083711234,-22.51606669531873,-60.98907662192473,-69.54425102891985,-28.140646011053924,-28.423983138522615,34.93300479074754
0.024989924206119285,-115.83755410622233,-1.3609104278687367,-46.71694191339329,-22.932532852576493,-61.83684150223172,-73.65509579423126,-28.826660318261197,-29.0862789661283,33.669144448611
0.029644907116840556,-107.8389356245416,-1.3049711827874757,-43.48223673202906,-21.305673472762265,-57.597407953312086,-70.19200132238197,-27.063317860222767,-27.25944992298692,30.471372454443024
-0.026623717928559203,-99.83617252868255,-1.222081152899038,-40.23284570465609,-19.689509201571354,-53.28629348045928,-71.07402752955583,-25.760432807258475,-25.833128120043934,24.846623933745075
0.011165638594128401,-98.23887206680082,-1.1896370768666327,-39.57609644512461,-19.379434576882293,-52.470861343107856,-67.64371086804283,-25.086141499547935,-25.214377445465722,25.776050937033798
0.010018704224886401,-95.83897659372414,-1.1981859487242927,-38.64864214057173,-18.984291842602644,-51.193865648366646,-64.6359260355591,-24.274059121166246,-24.45603531140723,25.836022614191837
-0.007488307711305646,-97.43779559423449,-1.1794350013979322,-39.3070647145593,-19.235168712831452,-52.0081853295098,-59.25087375320199,-23.974006912918064,-24.24900084334767,29.811838401036326
-0.012163989029651393,-97.4374934704477,-1.1635020716710227,-39.25337301159712,-19.2299333025908,-52.00546718970096,-54.213753364159786,-23.440473398389685,-23.74114363300415,32.60998808147512
-0.02720010259080218,-100.63600641433648,-1.2528737423955543,-40.55288999600279,-19.851379744284568,-53.721923999667865,-47.283739028157036,-23.212516698568557,-23.668891577494044,38.45274966219943
0.0032406416799046524,-103.0377947360001,-1.239143234566241,-41.54607563113127,-20.38546621459695,-55.01147086734569,-39.577982722004506,-22.74821158417561,-23.346963837443063,44.2216153713667
0.02479506560555206,-106.23867201376723,-1.268038023568804,-42.82046639998022,-20.969629114071243,-56.725068650455746,-33.30261842745018,-22.641190012842003,-23.344287326128548,49.74494745670182
0.029677226094493924,-195.02821840581967,-2.3114545025790885,-78.66511437354596,-38.56818845697253,-104.16248436451922,15.180739653610129,-33.052057962153384,-35.38925472563086,133.18686498915253
-0.020886311237323384,-188.6257741833168,-2.215420972297632,-76.0396244616056,-37.20901379801749,-100.73602304947714,15.85064574490959,-31.867956754307173,-34.1684284547487,129.51901102554893
4.118922641702245e-5,-185.4276419172371,-2.2158061716005393,-74.74263273901961,-36.599164425775655,-99.03353947539217,20.251603311709616,-30.820988289034897,-33.11132959658821,129.87524712624065
-0.006628812419127294,-194.226001325804,-2.2685528560352948,-78.29814232298061,-38.34054465379113,-103.68759454123708,7.177969649976828,-33.83690747146948,-36.02381824294636,128.2923215898931
-0.010691868143434436,-187.02669064872904,-2.2725238038116062,-75.36548777726402,-36.92822238084936,-99.87551394736288,7.328820772168735,-32.55174904215253,-34.64608355435834,123.76922829325495
-0.0232647078201051,-179.02675099938884,-2.1286683461810654,-72.17286757184803,-35.29343753692733,-95.56367418591856,7.065924591660238,-31.150390941010524,-33.19023927373965,118.48583301631368
0.05045158273578358,-179.03151425063137,-2.1006395100131208,-72.14749350701103,-35.38250936116865,-95.62608717560884,13.929172277364827,-30.404317599529328,-32.457818287789614,122.29810154051953
-0.006111149716076184,-179.02785939356247,-2.168909745657382,-72.15929955498217,-35.40278192906114,-95.58722165249972,20.912816633166308,-29.600502871146794,-31.80390900266734,126.09375849645198
-0.02382615967457306,-175.8272302033376,-2.1679771546191664,-70.86680633123481,-34.71665306140368,-93.86472293885329,-3.6539504867993626,-31.774707161875327,-33.60790496050113,110.51871361202284
-0.0033419737618277812,-178.22816719729317,-2.1746438716503116,-71.82239810835196,-35.18895532008087,-95.15992488453618,-9.825739117977108,-32.87830740334991,-34.680591302020616,108.72545524696847
-0.004519879826885443,-179.0279622150449,-2.065743752558717,-72.19585067583516,-35.29609368948602,-95.58541280739877,-15.63866533407856,-33.708570642950356,-35.42483897643969,106.02633659222901
0.001722362427521635,-179.82823669304133,-2.1470739690852447,-72.4874375393664,-35.501610766169456,-96.01785235335093,-24.01001671158481,-34.75362798877924,-36.36815054025442,101.95743798716668
-0.03004721842160575,-182.22600523283322,-2.2063235905107,-73.40584446186038,-36.029902056260575,-97.2731481316818,-29.51136718195439,-35.81130742998924,-37.31045424162563,100.4312471230138
-0.03273120318447759,-183.82557406313651,-2.2412380203846634,-74.05536328893272,-36.25620649525697,-98.15583722796129,-37.40971087042091,-36.97643779731009,-38.43915253776417,97.16507934956432
0.01106021219114987,-190.22758069826116,-2.316567280505789,-76.67692078554629,-37.61745200450973,-101.5796364392321,-3.4012496621114425,-34.32221476267967,-36.29041694768652,119.89421203444456
0.01655285869335713,-187.028451093781,-2.2516394579126056,-75.37942018092774,-36.95059619742123,-99.8601879315929,2.280128333122953,-33.104202347006854,-35.1282135486781,120.98868825182409
-0.011015236621126393,-190.2261542712368,-2.284969152600382,-76.69197865058706,-37.542219777528935,-101.57634967540861,-9.056920541116376,-34.93451696395718,-36.89248164060545,116.82685739533268
-0.004141579035327796,-189.42672729011983,-2.311417050352635,-76.34707611309321,-37.391423529333466,-101.16803176159712,-17.111970921097043,-35.68190462837712,-37.507975266377045,111.91133522923755
-0.008007120126019415,-191.0264277478015,-2.3080190719629483,-77.06862762672944,-37.722162978039904,-102.00151870960053,-23.07483135500111,-36.62668196841869,-38.4267052920228,109.58059063695566
0.015425311348116148,-181.42907235613345,-2.194016299927721,-73.14883009268164,-35.874964663809905,-96.87220983286043,-35.0508718789472,-36.243821958030075,-37.73322177613738,96.87749323289134
-0.010977068774306941,-179.02754497737538,-2.1114101018882367,-72.14830544257532,-35.3298436036959,-95.60160215060046,-42.760441031828506,-36.718576717525494,-38.05052269938413,91.15567684654617
-0.007811005871342217,-168.6290089248767,-2.0535302830011806,-67.92182463475558,-33.30660805333531,-90.04436194033204,16.66796286407163,-28.21403802211593,-30.218437675163994,117.1456572364818
0.017354166862465773,-169.430506126798,-1.9957006975571976,-68.2952822987342,-33.457896446396305,-90.48900854840545,12.08877200304581,-28.877489828556556,-30.856867263771292,115.15586405644606
-0.010102451634287983,-171.82855335293087,-2.088513605164813,-69.26369866729739,-33.940012920022994,-91.73979358324416,-35.64463831413875,-34.59747192879065,-35.967404587997365,90.40556549118513
0.060185390152559,-171.03322394223446,-2.0061764132513518,-68.95563548547251,-33.70484155595147,-91.3464909593214,-39.32037409157078,-34.9182034845861,-36.223450278657886,87.95165749569423
-0.020586941530483554,-167.82831226579938,-2.010421837871383,-67.6771320827406,-33.09498688039506,-89.61003653524489,-58.79224939832198,-36.49027563588412,-37.53748408669506,75.1427860115949
-0.012991218004205152,-160.6297549323115,-1.9510003203387603,-64.78750970704841,-31.71300210796568,-85.7891573700611,-63.04186599369174,-35.680404807654085,-36.601305419345834,68.1985702049697
-0.013301008488988214,-146.23143066268202,-1.7519505268090003,-58.98885838727586,-28.855306239567657,-78.06505837847502,-75.2818597756975,-34.45134266752659,-35.07862234780389,52.240501706850395
0.002148886155385965,-132.63399585006184,-1.580643188150457,-53.456184751643875,-26.214405317533927,-70.80974176424708,-85.19778967863455,-33.13013952319014,-33.40792467127512,38.12312538389713
-0.026412692950520466,-157.42919519829812,-1.9565411575235707,-63.469460137378064,-31.109821233273177,-84.06923443676868,-69.33317203968666,-35.80755477875787,-36.58336268912165,62.68994541808484
0.012326624274833258,-135.0344748574816,-1.6559910931837822,-54.430159582858096,-26.702466818323035,-72.11873642988738,-81.91348203889504,-33.17894269462042,-33.547978017771165,41.45040038223753
0.010760759830221954,-151.83229131776915,-1.7933632409041054,-61.225308687326915,-29.94687576687398,-81.07108210526663,-70.74992463034273,-34.98266034011782,-35.65918206124791,58.332257782460545
0.02591375274551447,-122.23679080969787,-1.357433720198204,-49.369438488975845,-24.108839999756974,-65.26803051750937,-90.67931747818994,-31.893130584268658,-32.03594839106387,28.413757099885395
0.0002942111411915669,-112.63647385094123,-1.3952168031674175,-45.387720866007086,-22.264588086011777,-60.17565995151463,-97.62191732274147,-30.940320866910554,-30.838374086096458,18.5127725939561
0.019293283035705565,-99.03926837192991,-1.228360071849723,-39.95552472675828,-19.602003880127583,-52.91521567986088,-104.99651800600058,-29.32262424923622,-29.023026589247248,5.7287283323518405
0.0392198541482207,-107.03947521510932,-1.2533907450363546,-43.186017280395184,-21.17128272109628,-57.1576764150004,-100.91274564519718,-30.279363100584074,-30.119558936959873,13.079002097025185
-0.024981460207313167,-93.43710163541635,-1.127146010106319,-37.72903434726091,-18.46248137589492,-49.89262758814205,-106.98199577348548,-28.523236074392162,-28.197996978406035,1.047371288581957
-0.030443251765679667,-139.8311459902492,-1.6472092620866206,-56.35494356778505,-27.54868795321265,-74.63616721423797,-83.45664247402838,-34.25337071410071,-34.629573762705334,43.6842102402838
-0.01010160855848349,-120.63472138275779,-1.4296042919441507,-48.64378821840256,-23.80626520183827,-64.40636891514559,-94.77143909184421,-32.05493253415083,-32.108854035389186,25.17806649081042
-0.038786006281330415,-110.23412728114934,-1.3403207079735682,-44.47508547191702,-21.793396155159957,-58.8675677055075,-102.76699193074349,-31.064038228611093,-30.93457692162077,14.106448218218393
0.03416663388115699,-93.44092354819217,-1.1066301511968777,-37.68374443854199,-18.463915754470623,-49.88737624750215,-112.06869425955273,-29.102434148162992,-28.618046878449128,-1.75234599887982
0.023436919623547846,-86.24097412354999,-1.0028926862352847,-34.803467837768885,-17.059987960183417,-46.058212866301304,-117.55928737703,-28.39357926249944,-27.82291779497014,-9.362925319401572
-0.031089189630135693,-88.63727222768402,-1.0915944207159565,-35.71085382829454,-17.473450522119045,-47.31490182747199,-121.79613678528393,-29.37566380344351,-28.693530851243406,-10.156730251279432
-0.01853987311961512,-95.83713125291824,-1.1786430474077174,-38.539827814539215,-18.94276970756897,-51.137187496491656,-117.5711531278428,-30.218120593901503,-29.59117504009883,-3.225701572045972
-0.01770967152815749,-117.43453728812631,-1.459547850259911,-47.27785756151367,-23.247500582414688,-62.713145052335285,-102.9787440395089,-32.40381267371558,-32.22306937898374,18.61584859097088
-0.03482471511476716,-83.83759610226245,-0.9121998326364565,-33.83315031535517,-16.48193124945984,-44.728026924662636,-25.616251804413682,-17.818995491192183,-18.401228290464758,39.577318599721835
-0.05325967135476329,-82.23666265063575,-1.0250695559077239,-33.16300239077482,-16.237914120422815,-43.900511929648054,-17.114582764681067,-16.543381607280686,-17.25991820200753,43.24037819098675
-0.03738381803694785,-88.6368654940251,-1.143634100361765,-35.71741743189685,-17.527522190760294,-47.33380069354848,-12.742018259199716,-17.241601599936683,-18.011980399182775,49.74336021954989
-0.006640725694635957,-98.23772149090799,-1.1770794178202995,-39.70508781883633,-19.36716694505643,-52.449160939856085,-6.447376442131595,-18.226183010284824,-19.301518677293437,59.31947939579493
0.06015338976333837,-109.44064921905428,-1.3248334824241133,-44.171752738215204,-21.666617814953483,-58.48222442873476,0.7033740068048645,-19.36450324668832,-20.628293331348296,70.46676308842689
0.016137794299096234,-91.03993723406292,-1.0389223336066329,-36.76606553821127,-17.94572997699344,-48.63105560795981,-21.430141359422333,-18.609609514516908,-19.36218437203815,46.514649189136684
-0.0045026220320093634,-97.43798851727652,-1.12390159347536,-39.291591620862484,-19.231705471111106,-52.0164192301088,-15.757340039655434,-19.136237296778873,-19.965842125822544,53.7064607907642
-0.03396151095169771,-108.63469676205972,-1.3004135419594474,-43.79565694535279,-21.41198489317888,-57.982913795705585,-7.257585023143119,-20.188044439213083,-21.287187919699644,65.56253391041913
-0.00980555155901265,-164.62952439872507,-1.982863551934256,-66.37025142016846,-32.5114727335092,-87.89986731453524,21.897965847107987,-26.95244555451423,-29.02335245252619,117.43822468882115
-0.01082889758018291,-153.43063853927947,-1.8205789645705115,-61.890359960883444,-30.296206707896918,-81.90582120054432,16.582752964892432,-25.556918820247276,-27.415474582853705,107.27732374980515
0.06826011285798024,-145.4368296861277,-1.6948013317105486,-58.65774522733954,-28.78795425870946,-77.66901692333155,12.444493877376955,-24.540112926761473,-26.251609722502526,99.94564810128323
-0.011299024670957794,-130.2335135120011,-1.6269017342399554,-52.434156597776415,-25.70166309977608,-69.54184892208632,2.8893668831971366,-22.943189933571905,-24.339700302444996,85.00417835269232
-0.03197864875429988,-133.4318697696716,-1.6735655758806935,-53.79173115654442,-26.383670530196422,-71.25644105316054,4.799509614453338,-23.22482501548783,-24.782277644859754,88.05783105916139
-0.034376144173947513,-139.03102073318402,-1.6718497487576989,-55.96902224126896,-27.406586277290018,-74.22775135558769,8.089709952315797,-23.976770981279373,-25.49129920230084,93.4672005559488
-0.04268715502335539,-120.63261583534734,-1.4111361806739025,-48.601960011877544,-23.769152467795895,-64.40215079476003,-2.0895932271909046,-21.75755574792438,-23.04438596604196,76.10675066345715
0.05902347715553859,-112.64026870072556,-1.3363885362050794,-45.425687511296914,-22.31794641137186,-60.17463793178975,-6.86637870488842,-20.822226399946775,-21.93196838688968,68.34293220267112
-0.024332654533013094,-102.23614193079128,-1.182985203659923,-41.26006823195711,-20.12586300895174,-54.57634446108221,-12.913940234847809,-19.659091286672915,-20.65913365218123,58.350314973947384
0.0303969305892416,-123.83703072813563,-1.4633973045035389,-49.95826440893021,-24.482659294095516,-66.14400810537101,4.7934250539803624,-21.530469336338243,-22.966215026263257,81.91527487334844
0.02599972629548896,-99.83957284473478,-1.2089970507171341,-40.21932651613126,-19.748586654555627,-53.3231456208371,-60.40472155405968,-24.527122840892037,-24.775958479954845,30.766589487251117
-0.05277693520065442,-106.2336596219819,-1.3440609690085112,-42.765558652349476,-20.926913080469625,-56.719400959350295,-61.63855954685158,-25.812360805653043,-26.12999048828063,34.169804511765946
-0.006163216646298143,-105.43680048432752,-1.2357052065490788,-42.498782940973356,-20.795446357074358,-56.269230140747226,-46.348562367560675,-23.969687271144153,-24.483490456599412,42.036852893854984
0.009988566012109701,-103.03823075982493,-1.1691528626618712,-41.58555320860352,-20.30810494924319,-55.032581216009355,-53.44882089127146,-24.318711166438955,-24.76267838882914,36.606763956666626
0.0038487450658988413,-101.43788379574967,-1.2353119743457441,-40.925623018623526,-20.060920741078426,-54.179400833234624,-48.720975871891454,-23.50270010180037,-23.95366582455435,38.15610366438374
-0.044022319949915935,-108.63404667290575,-1.3483309185792896,-43.76136761172112,-21.458298264895486,-57.99895378086127,-63.372095192828446,-26.43496104179783,-26.743222358831748,34.73074991198449
-0.026744472098350368,-103.83572834744805,-1.2656322155259394,-41.9005046297285,-20.487173839848495,-55.42370737980831,-63.664764689954524,-25.593272635535083,-25.916139847386575,31.47586288231345
0.030900189414999557,-109.43875899449391,-1.3246290697031458,-44.05624247618948,-21.591751002235394,-58.45438653784436,-66.11656567613076,-26.935683122640004,-27.126379652155077,33.777505505975185
-0.023877002947061646,-106.23552701977387,-1.296602257488554,-42.783030163490245,-20.980164128291424,-56.71436924262072,-66.68793349423039,-26.408123879104554,-26.600671485220534,31.38956695601915
0.01607380397197698,-106.23810848079508,-1.2693944814372398,-42.85018042665003,-20.96550859506695,-56.748935909960345,-56.62512440432674,-25.26747659688245,-25.664590886783863,36.91923651697214
-0.013065455195706491,-101.4367908679205,-1.1960738997909781,-40.85947350137715,-20.04943273427899,-54.15616140510947,-62.58050304309912,-25.053260236649383,-25.28562753190296,30.58623433846991
